{
    "model_type": "LogisticRegression",
    "timestamp": "20250808_185556",
    "datetime": "2025-08-08T18:55:56.031580",
    "config": {
        "random_state": 42,
        "max_iter": 1000,
        "solver": "liblinear",
        "class_weight": "balanced"
    },
    "metrics": {
        "accuracy": 0.651814554436633,
        "precision": 0.11604738826063543,
        "recall": 0.5301353013530136,
        "f1": 0.19041307709299757,
        "roc_auc": 0.6295337945657847,
        "specificity": 0.6619993822711829,
        "sensitivity": 0.5301353013530136,
        "ppv": 0.11604738826063543,
        "npv": 0.9439224897240165,
        "accuracy_optimized": 0.8220596617898537,
        "precision_optimized": 0.1503957783641161,
        "recall_optimized": 0.28044280442804426,
        "f1_optimized": 0.19579218548733363,
        "optimal_threshold": 0.5870518633910692,
        "cv_results": {
            "accuracy": {
                "mean": 0.6445453214605157,
                "std": 0.002211928900740003
            },
            "precision": {
                "mean": 0.11300637768222913,
                "std": 0.0015494131160012808
            },
            "recall": {
                "mean": 0.5255105754460593,
                "std": 0.010502859239886902
            },
            "f1": {
                "mean": 0.18600996639664574,
                "std": 0.00270977169416784
            },
            "roc_auc": {
                "mean": 0.625599113223357,
                "std": 0.006854408486835486
            }
        }
    },
    "optimal_threshold": 0.5870518633910692,
    "training_time": 0,
    "data_info": {
        "train_samples": 42101,
        "test_samples": 10526,
        "features": 182,
        "train_class_distribution": {
            "0": 38847,
            "1": 3254
        },
        "test_class_distribution": {
            "0": 9713,
            "1": 813
        }
    },
    "feature_importance": [
        {
            "feature": "discharge_disposition_desc_Discharged to home",
            "coefficient": -0.5367362138433004,
            "abs_coefficient": 0.5367362138433004
        },
        {
            "feature": "medical_specialty_Pediatrics-Endocrinology",
            "coefficient": -0.42890118324182863,
            "abs_coefficient": 0.42890118324182863
        },
        {
            "feature": "medical_specialty_missing",
            "coefficient": -0.41617570840662516,
            "abs_coefficient": 0.41617570840662516
        },
        {
            "feature": "glyburide-metformin_No",
            "coefficient": 0.2999993599636046,
            "abs_coefficient": 0.2999993599636046
        },
        {
            "feature": "nateglinide_No",
            "coefficient": 0.29633457109443456,
            "abs_coefficient": 0.29633457109443456
        },
        {
            "feature": "medical_specialty_InternalMedicine",
            "coefficient": -0.2820673282990197,
            "abs_coefficient": 0.2820673282990197
        },
        {
            "feature": "nateglinide_Steady",
            "coefficient": 0.27908796183359363,
            "abs_coefficient": 0.27908796183359363
        },
        {
            "feature": "medical_specialty_Emergency/Trauma",
            "coefficient": -0.27445022174565037,
            "abs_coefficient": 0.27445022174565037
        },
        {
            "feature": "discharge_disposition_desc_Unknown",
            "coefficient": -0.2679930699595345,
            "abs_coefficient": 0.2679930699595345
        },
        {
            "feature": "medical_specialty_Gynecology",
            "coefficient": -0.25795744376131097,
            "abs_coefficient": 0.25795744376131097
        },
        {
            "feature": "number_inpatient",
            "coefficient": 0.25702111043781556,
            "abs_coefficient": 0.25702111043781556
        },
        {
            "feature": "discharge_disposition_desc_Hospice / home",
            "coefficient": -0.2542267551606785,
            "abs_coefficient": 0.2542267551606785
        },
        {
            "feature": "glyburide-metformin_Steady",
            "coefficient": 0.2387629207312731,
            "abs_coefficient": 0.2387629207312731
        },
        {
            "feature": "medical_specialty_Cardiology",
            "coefficient": -0.23292632973755453,
            "abs_coefficient": 0.23292632973755453
        },
        {
            "feature": "medical_specialty_Family/GeneralPractice",
            "coefficient": -0.22243029666360736,
            "abs_coefficient": 0.22243029666360736
        },
        {
            "feature": "rosiglitazone_No",
            "coefficient": 0.2146755840988776,
            "abs_coefficient": 0.2146755840988776
        },
        {
            "feature": "pioglitazone_No",
            "coefficient": 0.20771600237259985,
            "abs_coefficient": 0.20771600237259985
        },
        {
            "feature": "discharge_disposition_desc_Hospice / medical facility",
            "coefficient": -0.20079946855920577,
            "abs_coefficient": 0.20079946855920577
        },
        {
            "feature": "rosiglitazone_Steady",
            "coefficient": 0.20004293958442226,
            "abs_coefficient": 0.20004293958442226
        },
        {
            "feature": "discharge_disposition_desc_Not Mapped",
            "coefficient": -0.1934694676338637,
            "abs_coefficient": 0.1934694676338637
        }
    ],
    "confusion_matrix": [
        [
            6430,
            3283
        ],
        [
            382,
            431
        ]
    ]
}